Time,Amplitude
0.0,-0.9589242746631385
0.002,-0.9308946587073599
0.004,-0.9004837634692751
0.006,-0.8677386556248212
0.008,-0.8327123076712709
0.01,-0.795463468811103
0.012,-0.7560565212411949
0.014,-0.7145613222096094
0.016,-0.6710530322382249
0.018000000000000002,-0.6256119299443808
0.02,-0.5783232139285893
0.022,-0.5292767922280077
0.024,-0.47856705986680975
0.026000000000000002,-0.4262926650646264
0.028,-0.3725562646929209
0.03,-0.3174642695962775
0.032,-0.2611265804212363
0.034,-0.20365631461923844
0.036000000000000004,-0.14516952531258753
0.038,-0.08578491273285221
0.04,-0.025623528959920427
0.042,0.035191523293158555
0.044,0.09653539708937536
0.046,0.1582818120977171
0.048,0.22030336905939157
0.05,0.2824718670966935
0.052000000000000005,0.3446586230636475
0.054,0.406734792132452
0.056,0.4685716888065945
0.058,0.5300411075504291
0.06,0.5910156422259871
0.062,0.6513690035307946
0.064,0.7109763336355153
0.066,0.7697145172272961
0.068,0.8274624881738089
0.07,0.8841015310339786
0.07200000000000001,0.9395155766544663
0.074,0.9935914911058668
0.076,1.0462193572294178
0.078,1.0972927480836776
0.08,1.146708991601098
0.082,1.1943694257865891
0.084,1.240179643814099
0.08600000000000001,1.2840497284027084
0.088,1.325894474880844
0.09,1.3656336023757802
0.092,1.4031919525955594
0.094,1.4384996757018587
0.096,1.4714924028048753
0.098,1.5021114046451303
0.1,1.5303037360619587
0.10200000000000001,1.5560223658843642
0.10400000000000001,1.5792262919167324
0.106,1.599880640729534
0.108,1.6179567520035505
0.11,1.6334322472151312
0.112,1.6462910824895873
0.114,1.656523585489774
0.116,1.664126476247259
0.11800000000000001,1.6691028718840242
0.12,1.671462275213334
0.122,1.671220547249124
0.124,1.668399863693902
0.126,1.6630286555156248
0.128,1.655141533764192
0.13,1.6447791988180103
0.132,1.631988334290402
0.134,1.616821485864385
0.136,1.5993369253623968
0.138,1.5795985003948505
0.14,1.5576754699678135
0.14200000000000002,1.5336423264655754
0.14400000000000002,1.5075786044582662
0.146,1.4795686768179885
0.148,1.4497015386589331
0.15,1.4180705796477597
0.152,1.3847733452598314
0.154,1.349911287584857
0.156,1.3135895063118606
0.158,1.2759164805481993
0.16,1.2370037921505233
0.162,1.1969658412669586
0.164,1.155919554809499
0.166,1.1139840885934458
0.168,1.0712805238966852
0.17,1.027931559205725
0.17200000000000001,0.9840611979275389
0.17400000000000002,0.9397944328564555
0.176,0.8952569281935197
0.178,0.850574699921909
0.18,0.8058737953461979
0.182,0.7612799726052507
0.184,0.7169183809687043
0.186,0.6729132427249337
0.188,0.6293875374643996
0.19,0.5864626895562061
0.192,0.5442582596076188
0.194,0.5028916406862503
0.196,0.46247776007253083
0.198,0.42312878729614756
0.2,0.38495384919424835
0.202,0.34805875271142483
0.20400000000000001,0.3125457161419656
0.20600000000000002,0.2785131094935156
0.20800000000000002,0.24605520462822728
0.21,0.21526193581278996
0.212,0.18621867128239966
0.214,0.15900599639595436
0.216,0.13369950893038218
0.218,0.1103696270314255
0.22,0.08908141030616923
0.222,0.06989439450941237
0.224,0.052862440241635
0.226,0.03803359604090051
0.228,0.02544997621468048
0.23,0.015147653720321785
0.232,0.00715656836487133
0.234,0.0015004505562655757
0.23600000000000002,-0.0018032392014168952
0.23800000000000002,-0.002743354915703544
0.24,-0.001315093703716741
0.242,0.0024799916919069354
0.244,0.008633996500843844
0.246,0.01713268362762177
0.248,0.027955519409137097
0.25,0.041075725336861435
0.252,0.056460345613103535
0.254,0.07407033037068766
0.256,0.0938606343458337
0.258,0.11578033075497685
0.26,0.13977274008785512
0.262,0.16577557349148564
0.264,0.19372109038281926
0.266,0.22353626989186015
0.268,0.2551429957021457
0.27,0.28845825382158463
0.272,0.3233943427840058
0.274,0.35985909575034836
0.276,0.39775611394835786
0.278,0.43698501086100894
0.28,0.47744166654668707
0.28200000000000003,0.5190184914486033
0.28400000000000003,0.5616046990269001
0.28600000000000003,0.6050865865246081
0.28800000000000003,0.6493478231580976
0.29,0.6942697450038557
0.292,0.7397316558365337
0.294,0.785611133158135
0.296,0.8317843386451158
0.298,0.8781263322289995
0.3,0.9245113890168994
0.302,0.970813318251182
0.304,1.0169057835023305
0.306,1.0626626232859513
0.308,1.1079581712937903
0.31,1.1526675754295603
0.312,1.1966671148434505
0.314,1.239834514164182
0.316,1.282049254134551
0.318,1.3231928778655202
0.32,1.363149291934925
0.322,1.4018050615699034
0.324,1.4390496991670982
0.326,1.4747759454214744
0.328,1.5088800423532986
0.33,1.5412619975432467
0.332,1.571825838907823
0.334,1.6004798593711735
0.336,1.6271368508148538
0.338,1.6517143267142411
0.34,1.6741347328987994
0.342,1.694325645903432
0.34400000000000003,1.7122199584094833
0.34600000000000003,1.7277560513065464
0.34800000000000003,1.740877951940047
0.35000000000000003,1.751535478144433
0.352,1.7596843676977216
0.354,1.7652863928699618
0.356,1.7683094597758189
0.358,1.7687276922798736
0.36,1.7665215002422308
0.362,1.7616776319315912
0.364,1.7541892104729215
0.366,1.7440557542371895
0.368,1.7312831811211737
0.37,1.715883796706057
0.372,1.6978762663242262
0.374,1.6772855711043384
0.376,1.6541429481051888
0.378,1.62848581468909
0.38,1.6003576773252877
0.382,1.569808025053253
0.384,1.5368922078744547
0.386,1.5016713003792495
0.388,1.4642119509528468
0.39,1.4245862169407153
0.392,1.3828713861892528
0.394,1.3391497854119818
0.396,1.2935085758647573
0.398,1.2460395368455741
0.4,1.1968388375652856
0.402,1.1460067979649153
0.404,1.0936476390831862
0.406,1.0398692236042346
0.40800000000000003,0.984782787240327
0.41000000000000003,0.9285026616275049
0.41200000000000003,0.8711459894335609
0.41400000000000003,0.8128324323973515
0.41600000000000004,0.7536838730363695
0.418,0.6938241107754513
0.42,0.633378553263579
0.422,0.5724739036579204
0.424,0.5112378446644008
0.426,0.4497987201322867
0.428,0.38828521500646945
0.43,0.32682603444525143
0.432,0.2655495829135396
0.434,0.20458364406144972
0.436,0.14405506219626601
0.438,0.08408942615174653
0.44,0.024810756352631413
0.442,-0.03365880413574057
0.444,-0.0911992937931082
0.446,-0.1476932312973469
0.448,-0.20302590789138686
0.45,-0.25708567272595745
0.452,-0.309764210458183
0.454,-0.3609568104054341
0.456,-0.41056262657524506
0.458,-0.45848492791514944
0.46,-0.5046313381509862
0.462,-0.5489140646085516
0.464,-0.5912501154412416
0.466,-0.6315615047157563
0.468,-0.6697754448384142
0.47000000000000003,-0.7058245258367947
0.47200000000000003,-0.7396468810445169
0.47400000000000003,-0.7711863387713502
0.47600000000000003,-0.8003925595762569
0.47800000000000004,-0.8272211587973322
0.48,-0.8516338140298514
0.482,-0.8735983572816552
0.484,-0.8930888515738196
0.486,-0.9100856517938463
0.488,-0.9245754496483843
0.49,-0.9365513026026746
0.492,-0.9460126467343409
0.494,-0.9529652934698104
0.496,-0.9574214102123404
0.498,-0.9593994849113263
0.5,-0.9589242746631385
0.502,-0.9560267384740652
0.504,-0.9507439543559499
0.506,-0.9431190209646914
0.508,-0.9332009440308092
0.51,-0.9210445078697309
0.512,-0.9067101322970592
0.514,-0.8902637153110964
0.516,-0.8717764619406548
0.518,-0.8513246996913444
0.52,-0.8289896810571975
0.522,-0.8048573735972837
0.524,-0.7790182381083254
0.526,-0.7515669954543924
0.528,-0.7226023826434742
0.53,-0.6922268987677249
0.532,-0.6605465414500511
0.534,-0.6276705344633481
0.536,-0.5937110472113505
0.538,-0.5587829067803013
0.54,-0.5230033032896291
0.542,-0.48649148928663744
0.544,-0.4493684739452729
0.546,-0.4117567128422366
0.548,-0.3737797940946754
0.55,-0.33556212165320215
0.552,-0.29722859655077205
0.554,-0.2589042969135209
0.556,-0.2207141575424385
0.558,-0.18278264987607132
0.56,-0.1452334631433679
0.562,-0.10818918751280543
0.5640000000000001,-0.07177100003889109
0.5660000000000001,-0.036098354200026495
0.5680000000000001,-0.0012886738127602104
0.5700000000000001,0.032542947903832775
0.5720000000000001,0.06528404335260057
0.5740000000000001,0.09682505892580323
0.5760000000000001,0.127059635986443
0.578,0.15588488375301174
0.58,0.18320164339766665
0.582,0.2089147426900057
0.584,0.23293324054257514
0.586,0.2551706608396954
0.588,0.2755452149582518
0.59,0.29398001241778793
0.592,0.31040325912702016
0.594,0.324748442725482
0.596,0.3369545045513621
0.598,0.3469659978005951
0.6,0.3547332314770124
0.602,0.36021239976932573
0.604,0.3633656965275216
0.606,0.3641614145488653
0.608,0.3625740294221499
0.61,0.35858426771775176
0.612,0.352179159350699
0.614,0.34335207398386136
0.616,0.33210274137875595
0.618,0.31843725564197545
0.62,0.3023680633559567
0.622,0.2839139356235141
0.624,0.2630999240962042
0.626,0.23995730109705382
0.628,0.21452348398837895
0.63,0.1868419439751876
0.632,0.1569620995740546
0.634,0.12493919501602102
0.636,0.09083416389018961
0.638,0.05471347837195495
0.64,0.01664898441623508
0.642,-0.02328227666847238
0.644,-0.06499825981496965
0.646,-0.10841212047768134
0.648,-0.15343243108281945
0.65,-0.19996340910213473
0.652,-0.24790515617453612
0.654,-0.29715390767199745
0.656,-0.3476022920797658
0.658,-0.39913959953608547
0.66,-0.4516520588535084
0.662,-0.5050231223224282
0.664,-0.559133757577805
0.666,-0.6138627457922243
0.668,-0.6690869854423657
0.67,-0.7246818008820017
0.672,-0.7805212549423673
0.674,-0.8364784647706333
0.676,-0.892425920109011
0.678,-0.9482358032108362
0.68,-1.0037803095858446
0.682,-1.05893196876474
0.684,-1.1135639642731303
0.686,-1.1675504520068065
0.6880000000000001,-1.220766876204516
0.6900000000000001,-1.273090282220298
0.6920000000000001,-1.3243996253056065
0.6940000000000001,-1.3745760746214992
0.6960000000000001,-1.423503311713201
0.6980000000000001,-1.4710678226933438
0.7000000000000001,-1.5171591833960583
0.7020000000000001,-1.5616703367818607
0.704,-1.6044978618927828
0.706,-1.6455422336786532
0.708,-1.6847080730383175
0.71,-1.7219043864444719
0.712,-1.7570447945469478
0.714,-1.7900477491771996
0.716,-1.8208367382060044
0.718,-1.849340477737068
0.72,-1.875493091151208
0.722,-1.899234274548998
0.724,-1.9205094481741
0.726,-1.9392698934349268
0.728,-1.9554728751786212
0.73,-1.9690817489086339
0.732,-1.9800660526751455
0.734,-1.9884015834063347
0.736,-1.994070457487762
0.738,-1.9970611554369313
0.74,-1.9973685505602599
0.742,-1.9949939215201282
0.744,-1.9899449487803347
0.746,-1.982235694938978
0.748,-1.9718865689984952
0.75,-1.9589242746631386
0.752,-1.9433817427945288
0.754,-1.9252980481959123
0.756,-1.904718310935345
0.758,-1.8816935824570575
0.76,-1.8562807167686892
0.762,-1.8285422270297425
0.764,-1.798546127903526
0.766,-1.7663657640707404
0.768,-1.7320796253378714
0.77,-1.6957711488073715
0.772,-1.657528508609297
0.774,-1.6174443937254799
0.776,-1.5756157744673773
0.778,-1.5321436581974037
0.78,-1.487132834910692
0.782,-1.440691613319891
0.784,-1.3929315481094873
0.786,-1.3439671590485465
0.788,-1.2939156426712506
0.79,-1.2428965772534053
0.792,-1.1910316218300112
0.794,-1.1384442100140337
0.796,-1.0852592393896328
0.798,-1.0316027572642872
0.8,-0.9776016435734083
0.802,-0.9233832917383071
0.804,-0.8690752882833989
0.806,-0.8148050920217955
0.808,-0.7606997136194324
0.81,-0.706885396346941
0.812,-0.6534872988254625
0.8140000000000001,-0.6006291805675555
0.8160000000000001,-0.5484330911072848
0.8180000000000001,-0.4970190635044717
0.8200000000000001,-0.44650481299711436
0.8220000000000001,-0.39700544156283757
0.8240000000000001,-0.3486331491354282
0.8260000000000001,-0.30149695220561346
0.8280000000000001,-0.2557024105166066
0.8300000000000001,-0.21135136254447928
0.8320000000000001,-0.16854167043122592
0.834,-0.12736697501449756
0.836,-0.08791646157245092
0.838,-0.05027463687514522
0.84,-0.014521118105233266
0.842,0.01926956581914685
0.844,0.051028160017856594
0.846,0.08069085604969051
0.848,0.10819945050567825
0.85,0.13350148939453776
0.852,0.1565503979559686
0.854,0.17730559557429115
0.856,0.19573259550258126
0.858,0.2118030891458259
0.86,0.2254950146906518
0.862,0.23679260990869477
0.864,0.24568644900071357
0.866,0.25217346338882507
0.868,0.2562569464048259
0.87,0.25794654186323396
0.872,0.25725821654841197
0.874,0.25421421668576727
0.876,0.24884300850749064
0.878,0.2411792030634805
0.88,0.2312634654679101
0.882,0.21914240881120384
0.884,0.20486847300595146
0.886,0.18849978887333696
0.888,0.17010002781395872
0.89,0.14973823744333503
0.892,0.12748866360785105
0.894,0.10343055923131439
0.896,0.0776479804755481
0.898,0.05022957073053802
0.9,0.021268332980339477
0.902,-0.009138608879619703
0.904,-0.04089025917032629
0.906,-0.07388200937214084
0.908,-0.10800590622821227
0.91,-0.1431509283304892
0.912,-0.17920327048903123
0.914,-0.21604663516565942
0.916,-0.25356253023514985
0.918,-0.2916305723211315
0.92,-0.33012879493985325
0.922,-0.3689339606727462
0.924,-0.40792187657857615
0.926,-0.44696771204777885
0.928,-0.48594631829539725
0.93,-0.5247325486848967
0.932,-0.5632015790730287
0.934,-0.6012292273658755
0.936,-0.6386922714781383
0.9380000000000001,-0.6754687648918589
0.9400000000000001,-0.7114383490167241
0.9420000000000001,-0.7464825615622447
0.9440000000000001,-0.7804851401421415
0.9460000000000001,-0.8133323203433223
0.9480000000000001,-0.8449131275058082
0.9500000000000001,-0.8751196614758522
0.9520000000000001,-0.9038473736122525
0.9540000000000001,-0.9309953353453859
0.9560000000000001,-0.9564664976098949
0.9580000000000001,-0.9801679404949428
0.96,-1.002011112480696
0.962,-1.0219120586559989
0.964,-1.0397916373400038
0.966,-1.0555757245598658
0.968,-1.0691954058672282
0.97,-1.0805871550082438
0.972,-1.0896929989950686
0.974,-1.0964606691611165
0.976,-1.1008437378177705
0.978,-1.1028017401666086
0.98,-1.1023002811584606
0.982,-1.0993111270286189
0.984,-1.0938122812762496
0.986,-1.0857880448953328
0.988,-1.0752290607042503
0.99,-1.0621323416613015
0.992,-1.046501283093881
0.994,-1.0283456588096807
0.996,-1.0076816010990162
0.998,-0.9845315646780322
1.0,-0.958924274663139
1.002,-0.9308946587073603
1.004,-0.9004837634692751
1.006,-0.8677386556248211
1.008,-0.8327123076712704
1.01,-0.795463468811105
1.012,-0.7560565212411965
1.014,-0.7145613222096109
1.016,-0.6710530322382259
1.018,-0.6256119299443816
1.02,-0.5783232139285894
1.022,-0.5292767922280078
1.024,-0.4785670598668089
1.026,-0.4262926650646256
1.028,-0.372556264692923
1.03,-0.31746426959627944
1.032,-0.26112658042123754
1.034,-0.20365631461923953
1.036,-0.1451695253125886
1.038,-0.08578491273285227
1.04,-0.025623528959919567
1.042,0.0351915232931595
1.044,0.09653539708937739
1.046,0.15828181209771922
1.048,0.22030336905939027
1.05,0.28247186709669225
1.052,0.34465862306364636
1.054,0.40673479213245195
1.056,0.4685716888065954
1.058,0.53004110755043
1.06,0.5910156422259881
1.062,0.6513690035307966
1.064,0.7109763336355173
1.066,0.769714517227295
1.068,0.8274624881738077
1.07,0.8841015310339775
1.072,0.9395155766544661
1.074,0.9935914911058676
1.076,1.0462193572294187
1.078,1.097292748083682
1.08,1.1467089916010997
1.082,1.194369425786589
1.084,1.240179643814096
1.086,1.2840497284027075
1.088,1.325894474880847
1.09,1.3656336023757807
1.092,1.403191952595558
1.094,1.4384996757018593
1.096,1.471492402804878
1.098,1.5021114046451318
1.1,1.530303736061959
1.102,1.5560223658843655
1.104,1.579226291916732
1.106,1.599880640729535
1.108,1.617956752003551
1.11,1.6334322472151315
1.112,1.6462910824895878
1.114,1.6565235854897744
1.116,1.6641264762472592
1.118,1.6691028718840248
1.12,1.6714622752133343
1.122,1.6712205472491237
1.124,1.6683998636939008
1.1260000000000001,1.6630286555156246
1.1280000000000001,1.6551415337641933
1.1300000000000001,1.6447791988180096
1.1320000000000001,1.6319883342903996
1.1340000000000001,1.6168214858643841
1.1360000000000001,1.599336925362398
1.1380000000000001,1.5795985003948494
1.1400000000000001,1.5576754699678141
1.1420000000000001,1.5336423264655727
1.1440000000000001,1.5075786044582657
1.1460000000000001,1.4795686768179896
1.1480000000000001,1.4497015386589314
1.1500000000000001,1.4180705796477553
1.1520000000000001,1.3847733452598296
1.154,1.3499112875848573
1.156,1.3135895063118626
1.158,1.2759164805482046
1.16,1.2370037921505252
1.162,1.196965841266956
1.164,1.1559195548094996
1.166,1.11398408859345
1.168,1.0712805238966925
1.17,1.027931559205729
1.172,0.9840611979275394
1.174,0.9397944328564595
1.176,0.895256928193524
1.178,0.8505746999219098
1.18,0.8058737953461951
1.182,0.7612799726052515
1.184,0.7169183809687085
1.186,0.6729132427249411
1.188,0.6293875374644036
1.19,0.5864626895562051
1.192,0.5442582596076211
1.194,0.5028916406862557
1.196,0.46247776007253155
1.198,0.4231287872961451
1.2,0.38495384919424913
1.202,0.3480587527114284
1.204,0.31254571614197146
1.206,0.2785131094935186
1.208,0.24605520462822772
1.21,0.21526193581279052
1.212,0.18621867128240233
1.214,0.1590059963959548
1.216,0.13369950893038063
1.218,0.11036962703142605
1.22,0.08908141030617123
1.222,0.06989439450941282
1.224,0.05286244024163589
1.226,0.038033596040900175
1.228,0.025449976214681258
1.23,0.015147653720322674
1.232,0.007156568364871441
1.234,0.0015004505562652426
1.236,-0.0018032392014167842
1.238,-0.002743354915703433
1.24,-0.00131509370371663
1.242,0.0024799916919067133
1.244,0.008633996500844177
1.246,0.017132683627621548
1.248,0.027955519409135987
1.25,0.04107572533686121
1.252,0.05646034561310442
1.254,0.07407033037068733
1.256,0.0938606343458318
1.258,0.11578033075497729
1.26,0.13977274008785368
1.262,0.16577557349148708
1.264,0.1937210903828187
1.266,0.22353626989185738
1.268,0.25514299570214505
1.27,0.28845825382158663
1.272,0.32339434278400514
1.274,0.35985909575034514
1.276,0.3977561139483585
1.278,0.4369850108610067
1.28,0.47744166654668774
1.282,0.5190184914486025
1.284,0.5616046990269024
1.286,0.6050865865246073
1.288,0.6493478231580936
1.29,0.6942697450038564
1.292,0.7397316558365328
1.294,0.7856111331581375
1.296,0.8317843386451149
1.298,0.8781263322290018
1.3,0.9245113890168984
1.302,0.9708133182511843
1.304,1.0169057835023296
1.306,1.0626626232859488
1.308,1.107958171293791
1.31,1.152667575429558
1.312,1.196667114843453
1.314,1.2398345141641813
1.316,1.282049254134553
1.318,1.3231928778655193
1.32,1.3631492919349273
1.322,1.401805061569904
1.324,1.4390496991671013
1.326,1.474775945421475
1.328,1.5088800423532969
1.33,1.541261997543247
1.332,1.5718258389078223
1.334,1.6004798593711749
1.336,1.6271368508148534
1.338,1.6517143267142425
1.34,1.674134732898799
1.342,1.6943256459034335
1.344,1.7122199584094835
1.346,1.7277560513065455
1.348,1.7408779519400475
1.35,1.7515354781444326
1.352,1.7596843676977223
1.354,1.7652863928699618
1.356,1.768309459775819
1.358,1.7687276922798736
1.36,1.7665215002422305
1.362,1.7616776319315908
1.364,1.7541892104729215
1.366,1.744055754237189
1.368,1.731283181121174
1.37,1.715883796706056
1.372,1.6978762663242257
1.374,1.6772855711043362
1.3760000000000001,1.6541429481051884
1.3780000000000001,1.6284858146890877
1.3800000000000001,1.6003576773252863
1.3820000000000001,1.5698080250532533
1.3840000000000001,1.536892207874453
1.3860000000000001,1.5016713003792503
1.3880000000000001,1.464211950952845
1.3900000000000001,1.4245862169407146
1.3920000000000001,1.382871386189249
1.3940000000000001,1.3391497854119812
1.3960000000000001,1.2935085758647533
1.3980000000000001,1.2460395368455734
1.4000000000000001,1.1968388375652865
1.4020000000000001,1.1460067979649127
1.4040000000000001,1.0936476390831873
1.4060000000000001,1.0398692236042317
1.408,0.9847827872403339
1.41,0.928502661627508
1.412,0.8711459894335682
1.414,0.8128324323973547
1.416,0.753683873036377
1.418,0.6938241107754525
1.42,0.6333785532635823
1.422,0.5724739036579194
1.424,0.5112378446644043
1.426,0.4497987201322945
1.428,0.3882852150064728
1.43,0.326826034445257
1.432,0.2655495829135408
1.434,0.20458364406145516
1.436,0.14405506219626718
1.438,0.08408942615174808
1.44,0.02481075635263219
1.442,-0.03365880413573907
1.444,-0.09119929379310754
1.446,-0.14769323129734535
1.448,-0.20302590789138192
1.45,-0.2570856727259564
1.452,-0.30976421045817837
1.454,-0.3609568104054331
1.456,-0.4105626265752407
1.458,-0.45848492791514883
1.46,-0.5046313381509848
1.462,-0.5489140646085513
1.464,-0.5912501154412404
1.466,-0.6315615047157528
1.468,-0.6697754448384134
1.47,-0.7058245258367916
1.472,-0.7396468810445163
1.474,-0.7711863387713475
1.476,-0.8003925595762568
1.478,-0.8272211587973313
1.48,-0.8516338140298526
1.482,-0.8735983572816548
1.484,-0.8930888515738179
1.486,-0.9100856517938459
1.488,-0.9245754496483837
1.49,-0.9365513026026748
1.492,-0.9460126467343404
1.494,-0.9529652934698107
1.496,-0.9574214102123403
1.498,-0.9593994849113263
1.5,-0.9589242746631386
1.502,-0.9560267384740656
1.504,-0.95074395435595
1.506,-0.9431190209646911
1.508,-0.93320094403081
1.51,-0.9210445078697307
1.512,-0.90671013229706
1.514,-0.8902637153110967
1.516,-0.8717764619406538
1.518,-0.8513246996913448
1.52,-0.8289896810571996
1.522,-0.8048573735972843
1.524,-0.7790182381083255
1.526,-0.7515669954543934
1.528,-0.7226023826434743
1.53,-0.6922268987677259
1.532,-0.6605465414500512
1.534,-0.6276705344633464
1.536,-0.593711047211351
1.538,-0.5587829067803045
1.54,-0.5230033032896297
1.542,-0.4864914892866377
1.544,-0.44936847394527407
1.546,-0.4117567128422369
1.548,-0.37377979409467654
1.55,-0.3355621216532024
1.552,-0.29722859655077005
1.554,-0.2589042969135217
1.556,-0.22071415754244195
1.558,-0.18278264987607207
1.56,-0.14523346314337127
1.562,-0.10818918751280654
1.564,-0.07177100003889136
1.566,-0.036098354200027605
1.568,-0.001288673812760488
1.57,0.03254294790383444
1.572,0.06528404335259991
1.574,0.09682505892580484
1.576,0.12705963598644227
1.578,0.15588488375301118
1.58,0.1832016433976681
1.582,0.20891474269000526
1.584,0.23293324054257847
1.586,0.25517066083969475
1.588,0.27554521495825446
1.59,0.29398001241778726
1.592,0.3104032591270224
1.594,0.32474844272548264
1.596,0.3369545045513619
1.598,0.34696599780059556
1.6,0.3547332314770123
1.602,0.3602123997693266
1.604,0.36336569652752115
1.606,0.3641614145488655
1.608,0.36257402942214967
1.61,0.3585842677177514
1.612,0.35217915935069866
1.614,0.34335207398386147
1.616,0.3321027413787554
1.618,0.3184372556419758
1.62,0.3023680633559559
1.622,0.2839139356235141
1.624,0.26309992409620186
1.6260000000000001,0.23995730109705393
1.6280000000000001,0.21452348398837606
1.6300000000000001,0.18684194397518616
1.6320000000000001,0.15696209957405516
1.6340000000000001,0.12493919501601924
1.6360000000000001,0.09083416389019017
1.6380000000000001,0.05471347837195306
1.6400000000000001,0.016648984416235968
1.6420000000000001,-0.0232822766684746
1.6440000000000001,-0.06499825981497187
1.6460000000000001,-0.10841212047768689
1.6480000000000001,-0.15343243108282179
1.6500000000000001,-0.19996340910213384
1.6520000000000001,-0.24790515617453857
1.6540000000000001,-0.29715390767199645
1.6560000000000001,-0.34760229207976845
1.6580000000000001,-0.39913959953608447
1.6600000000000001,-0.45165205885351106
1.6620000000000001,-0.5050231223224271
1.6640000000000001,-0.5591337575778116
1.666,-0.6138627457922193
1.668,-0.6690869854423646
1.67,-0.7246818008819967
1.672,-0.7805212549423661
1.674,-0.8364784647706283
1.676,-0.892425920109002
1.678,-0.9482358032108312
1.68,-1.0037803095858355
1.682,-1.058931968764739
1.684,-1.1135639642731254
1.686,-1.1675504520068054
1.688,-1.2207668762045114
1.69,-1.273090282220297
1.692,-1.324399625305602
1.694,-1.3745760746214983
1.696,-1.4235033117131966
1.698,-1.4710678226933362
1.7,-1.5171591833960574
1.702,-1.5616703367818567
1.704,-1.604497861892785
1.706,-1.6455422336786523
1.708,-1.6847080730383195
1.71,-1.7219043864444712
1.712,-1.7570447945469496
1.714,-1.7900477491771989
1.716,-1.8208367382060018
1.718,-1.8493404777370674
1.72,-1.8754930911512058
1.722,-1.8992342745489976
1.724,-1.9205094481740996
1.726,-1.9392698934349277
1.728,-1.955472875178621
1.73,-1.9690817489086343
1.732,-1.9800660526751452
1.734,-1.988401583406334
1.736,-1.9940704574877617
1.738,-1.9970611554369313
1.74,-1.9973685505602599
1.742,-1.9949939215201282
1.744,-1.9899449487803342
1.746,-1.9822356949389783
1.748,-1.9718865689984946
1.75,-1.958924274663139
1.752,-1.9433817427945304
1.754,-1.9252980481959128
1.756,-1.904718310935347
1.758,-1.881693582457058
1.76,-1.8562807167686897
1.762,-1.8285422270297411
1.764,-1.7985461279035266
1.766,-1.7663657640707386
1.768,-1.732079625337872
1.77,-1.6957711488073746
1.772,-1.6575285086092975
1.774,-1.6174443937254837
1.776,-1.575615774467378
1.778,-1.5321436581974046
1.78,-1.4871328349106898
1.782,-1.440691613319892
1.784,-1.3929315481094848
1.786,-1.3439671590485476
1.788,-1.2939156426712553
1.79,-1.2428965772534064
1.792,-1.1910316218300159
1.794,-1.1384442100140346
1.796,-1.0852592393896376
1.798,-1.0316027572642843
1.8,-0.9776016435734094
1.802,-0.9233832917383044
1.804,-0.8690752882834
1.806,-0.8148050920218004
1.808,-0.7606997136194336
1.81,-0.7068853963469459
1.812,-0.6534872988254634
1.814,-0.6006291805675603
1.816,-0.5484330911072821
1.818,-0.4970190635044727
1.82,-0.44650481299711176
1.822,-0.39700544156283857
1.824,-0.34863314913542576
1.826,-0.30149695220561434
1.828,-0.2557024105166106
1.83,-0.21135136254448006
1.832,-0.1685416704312297
1.834,-0.12736697501449556
1.836,-0.0879164615724517
1.838,-0.05027463687514078
1.84,-0.01452111810523149
1.842,0.019269565819150958
1.844,0.05102816001785815
1.846,0.08069085604968995
1.848,0.1081994505056797
1.85,0.13350148939453732
1.852,0.1565503979559697
1.854,0.17730559557429082
1.856,0.19573259550258204
1.858,0.21180308914582668
1.86,0.22549501469065336
1.862,0.23679260990869533
1.864,0.24568644900071335
1.866,0.2521734633888254
1.868,0.2562569464048259
1.87,0.25794654186323396
1.872,0.25725821654841197
1.874,0.25421421668576705
1.8760000000000001,0.2488430085074902
1.8780000000000001,0.2411792030634795
1.8800000000000001,0.23126346546790943
1.8820000000000001,0.21914240881120406
1.8840000000000001,0.20486847300595068
1.8860000000000001,0.1884997888733374
1.8880000000000001,0.17010002781395772
1.8900000000000001,0.14973823744333548
1.8920000000000001,0.12748866360784983
1.8940000000000001,0.10343055923131317
1.8960000000000001,0.07764798047554489
1.8980000000000001,0.05022957073053658
1.9000000000000001,0.021268332980340143
1.9020000000000001,-0.009138608879621257
1.9040000000000001,-0.04089025917032563
1.9060000000000001,-0.07388200937214251
1.9080000000000001,-0.1080059062282116
1.9100000000000001,-0.14315092833049098
1.9120000000000001,-0.1792032704890305
1.9140000000000001,-0.21604663516566391
1.9160000000000001,-0.2535625302351518
1.9180000000000001,-0.29163057232113077
1.92,-0.3301287949398498
1.922,-0.3689339606727454
1.924,-0.4079218765785726
1.926,-0.44696771204777264
1.928,-0.4859463182953938
1.93,-0.5247325486848905
1.932,-0.5632015790730279
1.934,-0.6012292273658719
1.936,-0.6386922714781377
1.938,-0.6754687648918556
1.94,-0.7114383490167234
1.942,-0.7464825615622416
1.944,-0.7804851401421409
1.946,-0.8133323203433194
1.948,-0.8449131275058033
1.95,-0.8751196614758516
1.952,-0.9038473736122501
1.954,-0.9309953353453855
1.956,-0.9564664976098927
1.958,-0.9801679404949424
1.96,-1.0020111124806956
1.962,-1.0219120586559998
1.964,-1.0397916373400036
1.966,-1.0555757245598645
1.968,-1.069195405867228
1.97,-1.0805871550082429
1.972,-1.0896929989950683
1.974,-1.0964606691611163
1.976,-1.1008437378177707
1.978,-1.1028017401666086
1.98,-1.1023002811584603
1.982,-1.099311127028619
1.984,-1.0938122812762503
1.986,-1.0857880448953328
1.988,-1.0752290607042512
1.99,-1.0621323416613018
1.992,-1.0465012830938814
1.994,-1.0283456588096795
1.996,-1.0076816010990166
1.998,-0.9845315646780309
